{
  "Production Status": {
    "Centroid": [
      -93.3898825000021,
      41.93834850000234
    ],
    "Zoom": 7
  }
}