{
  "Production Status": {
    "Centroid": [
      -93.38988994106396,
      41.93835600972444
    ],
    "Zoom": 7
  },
  "Mod Model Outlines": {
    "Centroid": [
      -95.97377090157764,
      41.91902510012892
    ],
    "Zoom": 8
  },
  "BFE Example": {
    "Centroid": [
      -96.91125867879651,
      41.09418570107143
    ],
    "Zoom": 11
  }
}