{
  "Production Status": {
    "Centroid": [
      -93.39031858583243,
      41.971772912184505
    ],
    "Zoom": 7
  }
}